Company Name,Company Location,Company e-mail,Company website,Company office phone,Company mobile phone,Page
Jabiru Plumbing Services Pty Ltd," Ashgrove, QLD, 4060", info@jabiruplumbing.com.au, www.jabiruplumbing.com.au, 0402 844 781, 07 3311 2432,1
My Brisbane Plumber," Ashgrove, QLD, 4060", info@mothersoleplumbing.com.au, mybrisbaneplumber.com.au, 0414 775 033, 1300 558 445,1
Primate Plumbing Pty Ltd," Ashgrove, QLD, 4060", primateplumbing@gmail.com, www.primateplumbing.com.au, 0439784601, 0439784601,1
Conrad Martens Plumbing & Hot Water," Ashgrove, QLD, 4060", office@conradmartens.com.au, http://www.conradmartens.com.au/,N/A, 07 3878 4444,1
Liquid Plumbing Solutions Pty Ltd," Kelvin Grove, QLD, 4059", admin@liquidplumbingsolutions.com.au, www.liquidplumbingsolutions.com.au, 0413 599 754, 0413599754,1
Argo Plumbing," Alderley, QLD, 4051", admin@argoplumbing.com.au, www.argoplumbing.com.au,N/A, 1300 102 746,1
Jackson Trade Services Pty Ltd," Alderley, QLD, 4051", info@jacksontradeservices.com.au, www.jacksontradeservices.com.au, 0412 397 356, 07 3256 0016,1
Stuart Plumbing & Gas Fitting Pty Ltd," Alderley, QLD, 4051", adrian@stuartplumbingqld.com.au, http://www.stuartplumbingqld.com.au, 0413271373, 0413271373,1
LPW Plumbing and Gas Solutions Pty Ltd," Alderley, QLD, 4051", info@lpwplumbing.com.au, www.lpwplumbing.com.au, 0421 856 133, 0431 749 939,1
OTC Plumbing & Gas," Milton, QLD, 4064", sales@otcplumbingandgas.com.au, www.otcplumbingandgas.com.au, 0455 990 900, 0455 990 900,1
Alexander Gas and Plumbing Co Pty Ltd," Milton, QLD, 4064", admin@agpco.com.au, http://www.agpco.com.au,N/A, 0404823184,2
InDemand Plumbing & Gas," Milton, QLD, 4064", admin@indemandplumbing.com.au, www.indemandplumbing.com.au,N/A, 0422 143 896,2
Gas & Flame Gasfitting," Brisbane Adelaide Street, QLD, 4000", geoff@gasflame.net, www.gasflame.net.au, 0433402348, 0755297913,2
Scope Services Qld Pty Ltd," Brisbane Adelaide Street, QLD, 4000", admin@scopeservicesqld.com.au, http://www.scopeservicesqld.com.au/, 0417 233 448, 1300 214 964,2
J & L Bruce Plumbing," Brisbane Adelaide Street, QLD, 4000", admin@jlbplumbing.com.au, www.jlbplumbing.com.au, 0408 018 147, 0408 018 147,2
Evermore Plumbing & Gas," Brisbane Adelaide Street, QLD, 4000", admin@evermoreplumbing.com.au, www.evermoreplumbing.com.au,N/A, 0450 355 331,2
Charlie's Plumbing and Gas Solutions," Brisbane Adelaide Street, QLD, 4000", info@charliesplumbing.com.au, https://charliesplumbingandgasbrisbane.com.au/,N/A, 0410 659 041,2
SouthEast Plumbing & Gas," Brisbane Adelaide Street, QLD, 4000", info@seplumbinggas.com, www.seplumbinggas.com,N/A, 0412 504 049,2
Peter McEnearney Plumbing Pty Ltd," Brisbane Adelaide Street, QLD, 4000", petermcenearney@hotmail.com, https://www.petemcplumbing.com.au/, 0410 606 468, 0410 606 468,2
Plumbrite Solutions," Brisbane Adelaide Street, QLD, 4000", tyson@plurs.com.au, www.plumbritesolutions.com.au, 0401 875 774, 1300 883 254,2
Offset Plumbing," Brisbane Adelaide Street, QLD, 4000", josh@offsetplumbing.com, www.offsetplumbing.com.au, 0477 977 873, 0477 977 873,3
Mark's Plumbing Service," Brisbane Adelaide Street, QLD, 4000", marksplumb@iimetro.com.au, https://www.fixzit.com.au/,N/A, 07 3352 3166,3
DNR Plumbing Solutions," Brisbane Adelaide Street, QLD, 4000", info@dnrplumbing.com.au, www.dnrplumbing.com.au,N/A,N/A,3
RiverCity Maintenance Service Pty Ltd," Brisbane Adelaide Street, QLD, 4000", info@rivercitymaintenance.com.au, http://www.rivercitymaintenance.com.au,N/A, 0738624777,3
Bacal and Co Plumbing," Brisbane Adelaide Street, QLD, 4000", admin@bacal.com.au, http://bacal.com.au/, 0418 244 855, 07 3821 4224,3
O'Brien Plumbing East Brisbane," Brisbane Adelaide Street, QLD, 4000", eastbrisbane@plumbing.obrien.com.au, https://www.obrien.com.au/locations/electrical-and-plumbing/obrien-plumbing-east-brisbane, 0407 178 337, 1300 260 818,3
Blueline Plumbing Services," Brisbane Adelaide Street, QLD, 4000", admin@jbkflynn.com, http://bluelineplumbingcontractors.com.au/,N/A,N/A,3
EKV Plumbing Services," Brisbane Adelaide Street, QLD, 4000", ekvplumbing@bigpond.com, http://www.ekvplumbing.com.au, 0423566666, 0733969291,3
Corporate Plumbing (Qld) Pty Ltd," Brisbane Adelaide Street, QLD, 4000", admin@corporateplumbing.com.au, www.corporateplumbing.com.au, 0417 009 314, 07 3490 8637,3
"Emu Commercial Plumbing, Gas Fitting And Solar"," Brisbane Adelaide Street, QLD, 4000", accounts@emuplumbing.com.au, www.emuplumbing.com.au,N/A, 07 3358 3201,3
Salmon Plumbing Services," Brisbane Adelaide Street, QLD, 4000", john@salmonplumbing.com.au, http://www.salmonplumbing.com.au,N/A, 07 3862 2777,4
2Brothers Plumbing & Gas Pty Ltd," Brisbane Adelaide Street, QLD, 4000", james@2bplumbing.com.au, www.2bpg.com.au,N/A, 0431 956 447,4
PDR Plumbing," Brisbane Adelaide Street, QLD, 4000", dave@pdrplumbing.com.au, http://pdrplumbing.com.au/, 0424 042 630, 07 3353 6942,4
Alpine Plumbing & Gas Fitting Services Pty Ltd," Brisbane Adelaide Street, QLD, 4000", sales@alpineplumbing.com.au, http://www.alpineplumbing.com.au,N/A, 07 3804 0412,4
Ascot Plumbing," Brisbane Adelaide Street, QLD, 4000", ascot_plumbing@bigpond.com, http://www.ascotplumbing.com, 0418 793 759, 07 3262 9557,4
McSweeney Plumbing," Brisbane Adelaide Street, QLD, 4000", mcsweeneyplumbing@bigpond.com,N/A,N/A,N/A,4
EMD Trading," Brisbane Adelaide Street, QLD, 4000", erhan.dursun@bigpond.com,N/A, 0448 448 875, 0448 448 875,4
Budget Plumbing and Home Services," Brisbane Adelaide Street, QLD, 4000", budgetphs@yahoo.com.au, http://www.budgetplumber.com.au,N/A, 0419 817 015,4
William Scott Contracting Pty Ltd," Brisbane Adelaide Street, QLD, 4000", will@williamscottcontracting.com.au, www.williamscottcontracting.com.au,N/A, 0401 666 855,4
Waterwise Plumbing & Gas," Brisbane Adelaide Street, QLD, 4000", admin@waterwiseplumbing.com.au, www.waterwiseplumbing.com.au, 0429 955 241, 0429 955 241,4
Shore (QLD) Pty Ltd," Brisbane Adelaide Street, QLD, 4000", admin@shoreplumbing.net, www.shoreplumbing.net,N/A, 0450 398 986,5
Plumbers Queensland," Brisbane Adelaide Street, QLD, 4000", plumbers@plumbersqld.com.au, http://www.plumbersqld.com.au,N/A, 07 5451 0922 ,5
Ansa Plumbing," Brisbane Adelaide Street, QLD, 4000", service@ansaplumbing.com.au, http://www.ansaplumbing.com.au/,N/A, 07 3274 4949,5
Aptus Plumbing & Gas Pty Ltd," Brisbane Adelaide Street, QLD, 4000", info@aptusplumbing.com.au, www.aptusplumbing.com.au,N/A,N/A,5
Adrian Gaunt Plumbing & Draining Services," Brisbane Adelaide Street, QLD, 4000", gauntplumb@gmail.com,N/A,N/A,N/A,5
Sanity Plumbing Pty Ltd," Brisbane Adelaide Street, QLD, 4000", josh@sanityplumbing.com.au, www.sanityplumbing.com.au, 0418 153 067, 0418 153 067,5
Yes Fire Pty Ltd," Brisbane Adelaide Street, QLD, 4000", info@yesfire.com.au, www.yesfire.com.au,N/A, 0405 647 046,5
Gregors Plumbing And Gas Pty Ltd," Brisbane Adelaide Street, QLD, 4000", info@gregorsplumbing.com.au, www.gregorsplumbing.com.au, 0404485353, 0754730527,5
Tim Forrest Plumbing Pty Ltd," Brisbane Adelaide Street, QLD, 4000", plumbing@timforrestplumbing.com.au, http://timforrestplumbing.com.au, 0418 797 505, 07 3325 0752,5
Nardia Plumbing Pty Ltd," Brisbane Adelaide Street, QLD, 4000", admin@nardiaplumbing.com.au, http://www.nardiaplumbing.com.au/,N/A, 07 3397 5087,5
BKH Plumbing," Brisbane Adelaide Street, QLD, 4000", info@bkhplumbing.com.au, http://www.bkhplumbing.com.au,N/A, 0411 272 372,6
A-List Plumbing Pty Ltd," Brisbane Adelaide Street, QLD, 4000", admin@a-listplumbing.com.au, http://www.a-listplumbing.com.au,N/A, 0432 623 466,6
Jason's Plumbing Pty Ltd," Brisbane Adelaide Street, QLD, 4000", admin@jasonsplumbing.com.au, http://www.jasonsplumbing.com.au, 0411 195 389, 07 3893 0911,6
Cahill Plumbing & Gas Pty Ltd," Brisbane Adelaide Street, QLD, 4000", admin@cahillplumbing.com.au, http://cahillplumbing.com.au/,N/A, 0408 818 995,6
Yep Plumbing Services," Brisbane Adelaide Street, QLD, 4000", yep.plumbing@gmail.com, http://yepplumbing.com.au/, 0401 521 288, 0401 521 288,6
Phase2 Plumbing," Mitchelton, QLD, 4053", perry@phase2plumbing.com.au,N/A, 0403 248 562, 0403 248 562,6
Pressure Plumbing & Gas Fitting," Mitchelton, QLD, 4053", info.pressureplumbing@gmail.com,N/A, 0431 262 470, 0431 262 470,6
All Districts Plumbing," Mitchelton, QLD, 4053", mike@alldistrictsplumbing.com.au, http://www.alldistrictsplumbing.com.au, 0439 886 909, 07 3285 6011,6
Insink Plumbing," Lutwyche, QLD, 4030", matt@insinkplumbing.com.au, www.insinkplumbing.com.au, 0419 359 808, 0419 359 808,6
Projection Plumbing PTY LTD," Gordon Park, QLD, 4031", admin@projectionplumbing.com.au, www.Projectionplumbing.com.au, 0415555112, 0415555112,6
JML Plumbing," Kangaroo Point, QLD, 4169", jmlplumb@bigpond.net.au, www.jmlplumbing.com.au, 0433 772 883, 0433 772 883,7
Abstract Plumbing Services Qld," Kangaroo Point, QLD, 4169", sean@abstractplumbing.com.au, http://www.abstractplumbing.com.au, 0488 335 554, 0488 335 554,7
K R Smith Plumbing Services," Brisbane, QLD, 4001", krsmithp@bigpond.net.au,N/A, 0419 775 829, 0732011423,7
Aquanomical Plumbing Pty Ltd," Brisbane, QLD, 4001", aquanomicalplumbing@gmail.com,N/A,N/A, 0415999 618,7
Watermark Plumbing," Brisbane, QLD, 4001", watplumb@bigpond.net.au, http://www.watplumb.net.au/,N/A, 0417620502,7
S & J Plumbing And Gas Fitting Pty Ltd," Bulimba, QLD, 4171", admin@sjplumbingandgas.com.au, www.sjplumbingandgas.com.au,N/A, 1300 600 508 ,7
Canfield Plumbing Co Pty Ltd," Bulimba, QLD, 4171", admin@canfieldplumbing.com.au, http://www.canfieldplumbing.com.au, 0412 565 872, 07 3399 1877,7
Adco Plumbing," Bulimba, QLD, 4171", adcoplumbing@gmail.com, www.adcoplumbing.com.au,N/A, 0412 290 762,7
Charlie the Plumber," Chelmer, QLD, 4068", repairs@charlietheplumber.com.au, http://www.charlietheplumber.com.au/,N/A, 07 5528 1414,7
Akins Plumbing," Chelmer, QLD, 4068", admin@akinsplumbing.com.au, https://www.akinsplumbing.com.au,N/A, 07 3891 7480,7
Mathiou Services," Buranda, QLD, 4102", admin@mathiouservices.com.au, https://www.mathiouservices.com.au/plumbing,N/A, 1300 363 423,8
GRK Plumbing Pty Ltd," Chermside, QLD, 4032", info@grkplumbing.com.au, http://www.grkplumbing.com.au,N/A, 07 3277 9190,8
Trigar Plumbing," Chermside, QLD, 4032", luke@trigarplumbing.com.au,N/A, 0405 652 004, 0405 652 004,8
EJ Denaro & Sons," Clayfield, QLD, 4011", denaroplumbing@ozemail.com.au,N/A,N/A, 0408 882 187,8
Carmichael Plumbing Pty Ltd," Clayfield, QLD, 4011", stacey@carmichaelplumbing.com.au, http://www.carmichaelplumbing.com.au, 0412642087, 0732655751,8
No Cracks Plumbing Pty Ltd," Clayfield, QLD, 4011", sales@nocracksplumbing.com.au, http://www.nocracksplumbing.com.au, 0418 155 947, 1300 130 216,8
Tradewinds Plumbing Pty Ltd," Norman Park, QLD, 4170", admin@tradewindsplumbing.com.au, www.tradewindsplumbing.com.au, 0401 294 292, 0401 294 292,8
Purity Plumbing," Norman Park, QLD, 4170", info@purityplumbing.net.au, http://purityplumbing.net.au/, 0432074459, 0432074459,8
National Plumbing and Gas," Norman Park, QLD, 4170", billy@nationalplumbingandgas.com.au, www.nationalplumbingandgas.com.au, 0400 053 263, 1300 668 770,8
PEG Plumbing Pty Ltd," Norman Park, QLD, 4170", plumbing@peg.net.au, www.peg.net.au,N/A,N/A,8
Delmic Plumbing Service Pty Ltd," Norman Park, QLD, 4170", delmic@optusnet.com.au,N/A, 0418 870 246, 0418 870 246,9
Cockatoo Trade Services Pty Ltd," Yeronga, QLD, 4104", Cockatootrade99@gmail.com,N/A,N/A, 0416 230 789,9
Plumbing Connexion Pty Ltd," Annerley, QLD, 4103", darryn@plumbingconnexion.com.au,N/A, 0429 444 761, 0429 444 761,9
Nicoll Industries Pty Ltd," Annerley, QLD, 4103", accounts@nicollindustries.com.au, http://www.nicollindustries.com.au,N/A,N/A,9
Connectors 'The Plumbing People'," Annerley, QLD, 4103", marie@connectorsgroup.com.au, http://connectorsgroup.com.au/,N/A,N/A,9
Yarrow Plumbing Services Pty Ltd," Annerley, QLD, 4103", accounts@yarrowplumbing.com.au, www.yarrowplumbing.com.au,N/A, 07 3277 5742,9
Allstar Plumbing Pty Ltd," Coorparoo, QLD, 4151", allstar.plumbing@bigpond.com,N/A,N/A,N/A,9
A & J Struby Plumbing & Gas," Coorparoo, QLD, 4151", ajstrubyplumbinggas@outlook.com.au, https://www.yellowpages.com.au/qld/mt-gravatt/alan-struby-15033841-listing.html?referredBy=www.yellowpages.com.au&context=businessNameSearch, 0408871100, 33435718,9
Sugar Plumbing Pty Ltd," Kenmore Hills, QLD, 4069", sugarplumbingas@gmail.com,N/A,N/A, 0423 456 661,9
Adept Plumbing and Gas," Greenslopes, QLD, 4120", info@adeptplumbingandgas.com.au,N/A, 0425 706 949, 0425 706 949,9
Darren Dwyer Plumbing and Draining," Graceville, QLD, 4075", darren.dwyer3@bigpond.com,N/A,N/A, 0411 819 428,10
WJS Plumbing Services," Aspley, QLD, 4034", admin@wjsplumbingservices.com, www.wjsplumbingservices.com.au, 0419 300 660, 0419 300 660,10
Platt's Plumbing Pty Ltd," Aspley, QLD, 4034", platty26@hotmail.com,N/A,N/A, 0424 646 385,10
Creek to Coast Plumbing," Aspley, QLD, 4034", Admin@diverseplumbing.com.au, www.creektocoastplumbing.com.au,N/A, 1300 793 962,10
Adapt Plumbing ," Camp Hill, QLD, 4152", david@adaptplumbing.com.au,N/A,N/A, 0411388452,10
Sleepy Projects ," Virginia, QLD, 4014", cameron@sleepyprojects.com.au,N/A, 0421 547 646, 0421 547 646,10
Barramundi Plumbing," Bridgeman Downs, QLD, 4035", barramundiplumbing@bigpond.com, https://www.barramundiplumbing.com.au/,N/A,N/A,10
Superior Plumbing Brisbane Pty Ltd," Bridgeman Downs, QLD, 4035", admin@spqld.com.au,N/A,N/A,N/A,10
K-Oz Plumbing & Gas," Mount Gravatt, QLD, 4122", info@kozplumbing.com.au, https://www.kozplumbing.com.au/, 0481 181 696, 07 3901 6042,10
Leakless Plumbing Pty Ltd," Jamboree Heights, QLD, 4074", ben@leakless.com.au, www.leakless.com.au,N/A, 0422 442 605,10
Waller Plumbing Pty Ltd," Tingalpa, QLD, 4173", admin@wallerplumbing.com.au , http://www.wallerplumbing.com.au, 0411 560 248, 07 3396 0074,11
Allanna Plumbing Services," Archerfield, QLD, 4108", Info@allanna.com.au, www.allanna.com.au , 0413 024 001, 07 3219 5066,11
AK Gas and Plumbing," Brendale, QLD, 4500", admin@akgp.com.au, www.akgasandplumbing.com.au, 0400 829 858, 07 3053 3405,11
Positive Plumbing Qld," Brendale, QLD, 4500", admin@positiveplumbingqld.com.au, www.positiveplumbingqld.com.au, 0407 172 106, 0407 172 106,11
Daniel Smith," Brendale, QLD, 4500", drsmithplumbingqld@gmail.com,N/A, 0466 392 650, 0466 392 650,11
Unplugged Plumbing (QLD)," Brendale, QLD, 4500", nigelunplugged@bigpond.com,N/A,N/A,N/A,11
Lumika Pty Ltd," Brendale, QLD, 4500", luke@lumika.com.au, www.lumika.com.au, 0427 176 154, 0430 031 786,11
Damien's Plumbing Services (Qld) Pty Ltd," Deagon, QLD, 4017", Damien@damiensplumbingservices.com.au, www.damiensplumbingservices.com.au,N/A,N/A,11
NJH Plumbing Pty Ltd ATF Nolu Trust," Wynnum West, QLD, 4178", noah@njhplumbing.com.au, http://www.njhplumbing.com.au,N/A, 0413 652 312,11
JR Gas and Water ," Sunnybank, QLD, 4109", info@jrgasandwater.com.au, www.jrgasandwater.com.au, 0478 521 501, 0478 521 501,11
Trent Scotts Plumbing Pty Ltd," Carole Park, QLD, 4300", trentscottsplumbing@hotmail.com, trentscottsplumbing.com.au,N/A,N/A,12
Brisbane Plumbing Solutions," Griffin, QLD, 4503", brisbaneplumbing@outlook.com, www.brisbaneplumbingsolutions.com.au, 0433 991 707, 0433 991 707,12
Honest Plumbing Solutions," Griffin, QLD, 4503", office@honestplumbingsolutions.com.au , www.honestplumbingsolutions.com.au,N/A, 0467 811 528,12
Redshaw Plumbing & Drainage," Karana Downs, QLD, 4306", accounts@redshaw.com.au, www.redshaw.com.au,N/A, 1300 377 191,12
Blackbutt Plumbing Solutions," Karana Downs, QLD, 4306", blackbuttplumbing@bigpond.com, www.blackbuttplumbing.com.au, 0408 131 035, 07 4170 0661,12
JS Plumbing & Supplies," Karana Downs, QLD, 4306", jsplumbingandsupplies@gmail.com, www.jsplumbingandsupplies.com.au, 0477 170 990, 07 4163 8245,12
Jollygood Plumbing," Capalaba, QLD, 4157", jollygoodplumbing@hotmail.com,N/A,N/A, 0473 777 705,12
Flush Plumbing and Drainage Pty Ltd," Priestdale, QLD, 4127", admin@flushworks.com.au, www.flushplumbinganddrainage.com.au, 0498344493, 1300989331,12
Malandot Plumbing," Mango Hill, QLD, 4509", cale@malandot.com.au,N/A, 0411874252, 0411874252,12
Australian Plumbing & Gas ," Mango Hill, QLD, 4509", info@australianplumbingandgas.com, www.australianplumbingandgas.com,N/A, 0401 464 673,12
Blue Sky Plumbing/Drainage and Gas Fitting Pty Ltd," Mango Hill, QLD, 4509", admin@blueskyplumbing.com.au, http://www.blueskyplumbing.com.au,N/A, 07 5497 0443,13
Eazyflow Plumbing & Drainage Pty Ltd," Rothwell, QLD, 4022", eazyflowplumbingqld@gmail.com, www.eazyflowplumbing.com.au,N/A, 0430 569 210,13
Pasfield Plumbing," Moores Pocket, QLD, 4305", admin@pasfieldplumbing.com.au, www.pasfieldpumbing.com.au, 0434 122 098, 07 3287 1553,13
Court Plumbing and Drainage," Moores Pocket, QLD, 4305", admin@courtplumbing.com,N/A,N/A, 0416 139 478,13
Terdanator Plumbing Draining Gasfitting," Deception Bay, QLD, 4508", terdanatorplum@yahoo.com, http://terdanatorplumbing.com,N/A, 0413 355 651,13
Young Civil and Excavation," Shailer Park, QLD, 4128", office@youngcivil.com.au,N/A, 0407 745 250, 0419 676 304,13
